id,tipe,model,pertanyaan,jawaban_benar,jawaban_sistem,rougeL,is_grounded,grounding_score_faithfulness,bertscore_f1
4,in_domain,groq,Sebutkan dan jelaskan hukum tajwid dari kata الْعَظِيمِ di ayat 2!,"Lafaz الْعَظِيمِ (al-'azhiim) pada ayat 2 surah An-Naba' termasuk hukum Izhar Qamariyyah, kategori Alif Lam. Alif lam bertemu huruf ain (huruf qamariyyah), lam dibaca jelas/izhar tanpa dilebur. (Sumber: Kitab Hidayatus Sibyan)","Hukum tajwid dari kata الْعَظِيمِ di ayat 2 adalah Izhar Qamariyyah. Ini berarti bahwa Alif Lam (ال) bertemu dengan huruf ain (ع) yang merupakan huruf qamariyyah, sehingga lam dibaca jelas/izhar tanpa dilebur.

Sumber: Kitab Hidayatus Sibyan (Konteks 2)",0.6087,True,0.82,0.8523
5,in_domain,groq,Mengapa lafaz الَّذِي pada ayat 3 dibaca demikian? Jelaskan hukumnya!,"Lafaz الَّذِي (alladzii) pada ayat 3 surah An-Naba' termasuk hukum Idgham Syamsiyyah, kategori Alif Lam. Alif lam bertemu huruf lam (huruf syamsiyyah), lam pertama dilebur ke lam berikutnya dan dibaca tasydid. (Sumber: Kitab Hidayatus Sibyan)","Lafaz الَّذِي pada ayat 3 dibaca demikian karena terdapat hukum Idgham Syamsiyyah. Hal ini terjadi karena Alif Lam (ال) bertemu dengan huruf Lam (ل) yang termasuk huruf syamsiyyah. Dalam hukum ini, Lam pertama dilebur ke Lam berikutnya dan dibaca dengan tasydid, sehingga menjadi satu bunyi yang kuat.

Sumber: Kitab Hidayatus Sibyan",0.6506,True,0.683,0.8286
6,in_domain,groq,Apa hukum tajwid pada lafaz هُمْ فِيهِ di ayat 3 surah An-Naba?,"Lafaz هُمْ فِيهِ (hum fiih) pada ayat 3 surah An-Naba' termasuk hukum Idgham Bighunnah, kategori Nun Mati dan Tanwin. Mim mati bertemu huruf fa — ini sebenarnya izhar syafawi karena mim mati bertemu selain ba/mim, dibaca jelas. (Sumber: Kitab Hidayatus Sibyan)","Hukum tajwid pada lafaz هُمْ فِيهِ di ayat 3 surah An-Naba adalah Idgham Bighunnah. Namun, perlu diperjelas bahwa ini sebenarnya izhar syafawi karena mim mati bertemu selain ba/mim, sehingga dibaca jelas.

Sumber: Kitab Hidayatus Sibyan",0.6667,True,0.732,0.8597
7,in_domain,groq,Jelaskan hukum bacaan lafaz كَلَّا pada ayat 4 An-Naba!,"Lafaz كَلَّا (kallaa) pada ayat 4 surah An-Naba' termasuk hukum Mad Thabi'i, kategori Mad Asli. Huruf lam bertemu alif mad, dibaca panjang 2 harakat. (Sumber: Kitab Hidayatus Sibyan)","Hukum bacaan lafaz كَلَّا pada ayat 4 An-Naba adalah Mad Thabi'i, yaitu mad asli. Lafaz ini dibaca panjang 2 harakat karena huruf lam bertemu alif mad.

Sumber: Kitab Hidayatus Sibyan",0.6667,True,0.777,0.8337
8,in_domain,groq,Bagaimana cara membaca lafaz كَلَّا سَيَعْلَمُونَ pada ayat ke-5?,"Lafaz كَلَّا سَيَعْلَمُونَ (kallaa saya'lamuun) pada ayat 5 surah An-Naba' termasuk hukum Mad Arid Lissukun, kategori Mad Far'i. Wawu mad di akhir ayat diwaqafkan, dibaca panjang 2, 4, atau 6 harakat. (Sumber: Kitab Hidayatus Sibyan)","Lafaz كَلَّا سَيَعْلَمُونَ pada ayat ke-5 dibaca dengan hukum Mad Arid Lissukun, yaitu wawu mad di akhir ayat diwaqafkan, dibaca panjang 2, 4, atau 6 harakat. 
Sumber: Kitab Hidayatus Sibyan",0.7692,True,0.859,0.8855
9,in_domain,groq,Sebutkan dan jelaskan hukum tajwid dari kata الْأَرْضَ di ayat 6!,"Lafaz الْأَرْضَ (al-ardha) pada ayat 6 surah An-Naba' termasuk hukum Izhar Qamariyyah, kategori Alif Lam. Alif lam bertemu hamzah (huruf qamariyyah), lam dibaca jelas. (Sumber: Kitab Hidayatus Sibyan)","Hukum tajwid dari kata الْأَرْضَ (al-ardha) di ayat 6 adalah Izhar Qamariyyah. Ini berarti bahwa Alif Lam bertemu hamzah (huruf qamariyyah), sehingga lam dibaca jelas.

Sumber: Kitab Hidayatus Sibyan",0.6552,True,0.839,0.8806
10,in_domain,groq,Mengapa lafaz مِهَادًا pada ayat 6 dibaca demikian? Jelaskan hukumnya!,"Lafaz مِهَادًا (mihaadaa) pada ayat 6 surah An-Naba' termasuk hukum Mad Arid Lissukun, kategori Mad Far'i. Alif mad di akhir ayat diwaqafkan, dibaca panjang 2, 4, atau 6 harakat. (Sumber: Kitab Hidayatus Sibyan)","Lafaz مِهَادًا pada ayat 6 dibaca demikian karena hukumnya adalah Mad Arid Lissukun. Ini berarti bahwa alif mad di akhir ayat diwaqafkan, sehingga dibaca panjang 2, 4, atau 6 harakat. 
Sumber: Kitab Hidayatus Sibyan",0.7164,True,0.775,0.8674
11,in_domain,groq,Apa hukum tajwid pada lafaz الْجِبَالَ di ayat 7 surah An-Naba?,"Lafaz الْجِبَالَ (al-jibaala) pada ayat 7 surah An-Naba' termasuk hukum Izhar Qamariyyah, kategori Alif Lam. Alif lam bertemu jim (huruf qamariyyah), lam dibaca jelas. (Sumber: Kitab Hidayatus Sibyan)","Hukum tajwid pada lafaz الْجِبَالَ (al-jibaala) di ayat 7 surah An-Naba adalah Izhar Qamariyyah, yaitu Alif Lam bertemu jim (huruf qamariyyah), sehingga lam dibaca jelas.

Sumber: Kitab Hidayatus Sibyan",0.7797,True,0.876,0.916
12,in_domain,groq,Jelaskan hukum bacaan lafaz أَوْتَادًا pada ayat 7 An-Naba!,"Lafaz أَوْتَادًا (awtaadaa) pada ayat 7 surah An-Naba' termasuk hukum Mad Arid Lissukun, kategori Mad Far'i. Alif mad di akhir ayat diwaqafkan, dibaca panjang 2, 4, atau 6 harakat. (Sumber: Kitab Hidayatus Sibyan)","Hukum bacaan lafaz أَوْتَادًا pada ayat 7 An-Naba adalah Mad Arid Lissukun. Lafaz ini termasuk dalam kategori Mad Far'i, yaitu alif mad di akhir ayat yang diwaqafkan dan dibaca panjang selama 2, 4, atau 6 harakat.

Sumber: Kitab Hidayatus Sibyan",0.8,True,0.736,0.8879
13,in_domain,groq,Bagaimana cara membaca lafaz أَزْوَاجًا pada ayat ke-8?,"Lafaz أَزْوَاجًا (azwaajaa) pada ayat 8 surah An-Naba' termasuk hukum Mad Arid Lissukun, kategori Mad Far'i. Alif mad di akhir ayat diwaqafkan, dibaca panjang 2, 4, atau 6 harakat. (Sumber: Kitab Hidayatus Sibyan)","Lafaz أَزْوَاجًا pada ayat ke-8 dibaca dengan hukum Mad Arid Lissukun, yaitu alif mad di akhir ayat diwaqafkan dan dibaca panjang selama 2, 4, atau 6 harakat.

Sumber: Kitab Hidayatus Sibyan",0.7692,True,0.836,0.8738
14,in_domain,groq,Sebutkan dan jelaskan hukum tajwid dari kata سُبَاتًا di ayat 9!,"Lafaz سُبَاتًا (subaataa) pada ayat 9 surah An-Naba' termasuk hukum Mad Arid Lissukun, kategori Mad Far'i. Alif mad di akhir ayat diwaqafkan, dibaca panjang 2, 4, atau 6 harakat. (Sumber: Kitab Hidayatus Sibyan)","Hukum tajwid dari kata سُبَاتًا (subaataa) di ayat 9 adalah Mad Arid Lissukun, yang termasuk dalam kategori Mad Far'i. Penjelasannya adalah bahwa alif mad di akhir ayat diwaqafkan, dibaca panjang 2, 4, atau 6 harakat.

Sumber: Kitab Hidayatus Sibyan",0.7397,True,0.707,0.9053
15,in_domain,groq,Mengapa lafaz لِبَاسًا pada ayat 10 dibaca demikian? Jelaskan hukumnya!,"Lafaz لِبَاسًا (libaasaa) pada ayat 10 surah An-Naba' termasuk hukum Mad Arid Lissukun, kategori Mad Far'i. Alif mad di akhir ayat diwaqafkan, dibaca panjang 2, 4, atau 6 harakat. (Sumber: Kitab Hidayatus Sibyan)","Lafaz لِبَاسًا pada ayat 10 dibaca demikian karena hukumnya adalah Mad Arid Lissukun, yaitu alif mad di akhir ayat diwaqafkan dan dibaca panjang 2, 4, atau 6 harakat. Ini termasuk dalam kategori Mad Far'i.

Sumber: Kitab Hidayatus Sibyan",0.6667,False,0.617,0.8694
16,in_domain,groq,Apa hukum tajwid pada lafaz مَعَاشًا di ayat 11 surah An-Naba?,"Lafaz مَعَاشًا (ma'aasyaa) pada ayat 11 surah An-Naba' termasuk hukum Mad Arid Lissukun, kategori Mad Far'i. Alif mad di akhir ayat diwaqafkan, dibaca panjang 2, 4, atau 6 harakat. (Sumber: Kitab Hidayatus Sibyan)","Hukum tajwid pada lafaz مَعَاشًا di ayat 11 surah An-Naba adalah Mad Arid Lissukun, yaitu alif mad di akhir ayat diwaqafkan, dibaca panjang 2, 4, atau 6 harakat. 
Sumber: Kitab Hidayatus Sibyan",0.7761,True,0.747,0.902
17,in_domain,groq,Jelaskan hukum bacaan lafaz شِدَادًا pada ayat 12 An-Naba!,"Lafaz شِدَادًا (syi daadaa) pada ayat 12 surah An-Naba' termasuk hukum Mad Arid Lissukun, kategori Mad Far'i. Alif mad di akhir ayat diwaqafkan, dibaca panjang 2, 4, atau 6 harakat. (Sumber: Kitab Hidayatus Sibyan)","Hukum bacaan lafaz شِدَادًا pada ayat 12 An-Naba adalah Mad Arid Lissukun, yang termasuk dalam kategori Mad Far'i. Lafaz ini diwaqafkan dengan membaca alif mad di akhirnya dengan panjang 2, 4, atau 6 harakat.

Sumber: Kitab Hidayatus Sibyan",0.7027,True,0.757,0.8722
18,in_domain,groq,Bagaimana cara membaca lafaz وَهَّاجًا pada ayat ke-13?,"Lafaz وَهَّاجًا (wahhaajaa) pada ayat 13 surah An-Naba' termasuk hukum Mad Arid Lissukun, kategori Mad Far'i. Alif mad di akhir ayat diwaqafkan, dibaca panjang 2, 4, atau 6 harakat. (Sumber: Kitab Hidayatus Sibyan)","Lafaz وَهَّاجًا pada ayat ke-13 dibaca dengan hukum Mad Arid Lissukun, yaitu alif mad di akhir ayat diwaqafkan dan dibaca panjang selama 2, 4, atau 6 harakat.

Sumber: Kitab Hidayatus Sibyan",0.7692,True,0.835,0.8598
19,in_domain,groq,Sebutkan dan jelaskan hukum tajwid dari kata ثَجَّاجًا di ayat 14!,"Lafaz ثَجَّاجًا (tsajjaajaa) pada ayat 14 surah An-Naba' termasuk hukum Mad Arid Lissukun, kategori Mad Far'i. Alif mad di akhir ayat diwaqafkan, dibaca panjang 2, 4, atau 6 harakat. (Sumber: Kitab Hidayatus Sibyan)","Hukum tajwid dari kata ثَجَّاجًا di ayat 14 adalah Mad Arid Lissukun, yang termasuk dalam kategori Mad Far'i. Penjelasannya adalah bahwa alif mad di akhir ayat diwaqafkan, dibaca panjang 2, 4, atau 6 harakat.

Sumber: Kitab Hidayatus Sibyan",0.7222,True,0.709,0.8834
20,in_domain,groq,Mengapa lafaz حَبًّا pada ayat 15 dibaca demikian? Jelaskan hukumnya!,"Lafaz حَبًّا (habbaa) pada ayat 15 surah An-Naba' termasuk hukum Mad Arid Lissukun, kategori Mad Far'i. Alif mad di akhir ayat diwaqafkan, dibaca panjang 2, 4, atau 6 harakat. (Sumber: Kitab Hidayatus Sibyan)","Lafaz حَبًّا pada ayat 15 dibaca demikian karena hukumnya adalah Mad Arid Lissukun, yaitu alif mad di akhir ayat diwaqafkan, dibaca panjang 2, 4, atau 6 harakat. Ini termasuk dalam kategori Mad Far'i.

Sumber: Kitab Hidayatus Sibyan",0.6761,False,0.617,0.8729
21,in_domain,groq,Apa hukum tajwid pada lafaz وَنَبَاتًا di ayat 15 surah An-Naba?,"Lafaz وَنَبَاتًا (wa nabaataa) pada ayat 15 surah An-Naba' termasuk hukum Mad Arid Lissukun, kategori Mad Far'i. Alif mad di akhir ayat diwaqafkan, dibaca panjang 2, 4, atau 6 harakat. (Sumber: Kitab Hidayatus Sibyan)","Hukum tajwid pada lafaz وَنَبَاتًا di ayat 15 surah An-Naba adalah Mad Arid Lissukun, yaitu alif mad di akhir ayat diwaqafkan, dibaca panjang 2, 4, atau 6 harakat.

Sumber: Kitab Hidayatus Sibyan (Konteks 2)",0.7536,True,0.747,0.8854
22,in_domain,groq,Jelaskan hukum bacaan lafaz الْفَصْلِ pada ayat 17 An-Naba!,"Lafaz الْفَصْلِ (al-fashl) pada ayat 17 surah An-Naba' termasuk hukum Izhar Qamariyyah, kategori Alif Lam. Alif lam bertemu fa (huruf qamariyyah), lam dibaca jelas. (Sumber: Kitab Hidayatus Sibyan)","Hukum bacaan lafaz الْفَصْلِ pada ayat 17 An-Naba adalah Izhar Qamariyyah. Ini berarti bahwa lam (ل) pada lafaz الْفَصْلِ dibaca jelas karena bertemu dengan fa (ف) yang merupakan huruf qamariyyah. 
Sumber: Kitab Hidayatus Sibyan",0.5667,True,0.794,0.8302
23,in_domain,groq,Bagaimana cara membaca lafaz مِيقَاتًا pada ayat ke-17?,"Lafaz مِيقَاتًا (miiqaataa) pada ayat 17 surah An-Naba' termasuk hukum Mad Arid Lissukun, kategori Mad Far'i. Alif mad di akhir ayat diwaqafkan, dibaca panjang 2, 4, atau 6 harakat. (Sumber: Kitab Hidayatus Sibyan)","Lafaz مِيقَاتًا pada ayat ke-17 dibaca dengan hukum Mad Arid Lissukun, yaitu alif mad di akhir ayat diwaqafkan dan dibaca panjang 2, 4, atau 6 harakat.

Sumber: Kitab Hidayatus Sibyan",0.7812,True,0.836,0.8678
24,in_domain,groq,Sebutkan dan jelaskan hukum tajwid dari kata فَتَأْتُونَ di ayat 18!,"Lafaz فَتَأْتُونَ (fata'tuun) pada ayat 18 surah An-Naba' termasuk hukum Mad Arid Lissukun, kategori Mad Far'i. Wawu mad di akhir ayat diwaqafkan, dibaca panjang 2, 4, atau 6 harakat. (Sumber: Kitab Hidayatus Sibyan)","Hukum tajwid dari kata فَتَأْتُونَ di ayat 18 adalah Mad Arid Lissukun, yang termasuk dalam kategori Mad Far'i. Penjelasannya adalah bahwa wawu mad di akhir ayat diwaqafkan, dibaca panjang 2, 4, atau 6 harakat.

Sumber: Kitab Hidayatus Sibyan",0.7123,True,0.772,0.8804
25,in_domain,groq,Mengapa lafaz سَرَابًا pada ayat 20 dibaca demikian? Jelaskan hukumnya!,"Lafaz سَرَابًا (saraabaa) pada ayat 20 surah An-Naba' termasuk hukum Mad Arid Lissukun, kategori Mad Far'i. Alif mad di akhir ayat diwaqafkan, dibaca panjang 2, 4, atau 6 harakat. (Sumber: Kitab Hidayatus Sibyan)","Lafaz سَرَابًا pada ayat 20 dibaca demikian karena hukumnya adalah Mad Arid Lissukun, yaitu alif mad di akhir ayat diwaqafkan dan dibaca panjang 2, 4, atau 6 harakat. Ini termasuk dalam kategori Mad Far'i.

Sumber: Kitab Hidayatus Sibyan",0.6667,False,0.613,0.8724
26,in_domain,groq,Apa hukum tajwid pada lafaz جَهَنَّمَ di ayat 21 surah An-Naba?,"Lafaz جَهَنَّمَ (jahannama) pada ayat 21 surah An-Naba' termasuk hukum Ghunnah, kategori Ghunnah. Huruf nun bertasydid dibaca dengung selama 2 harakat. (Sumber: Kitab Hidayatus Sibyan)","Hukum tajwid pada lafaz جَهَنَّمَ di ayat 21 surah An-Naba adalah Ghunnah, yaitu huruf nun bertasydid dibaca dengung selama 2 harakat.
Sumber: Kitab Hidayatus Sibyan",0.76,True,0.713,0.881
27,in_domain,groq,Jelaskan hukum bacaan lafaz مِرْصَادًا pada ayat 21 An-Naba!,"Lafaz مِرْصَادًا (mirshaadaa) pada ayat 21 surah An-Naba' termasuk hukum Mad Arid Lissukun, kategori Mad Far'i. Alif mad di akhir ayat diwaqafkan, dibaca panjang 2, 4, atau 6 harakat. (Sumber: Kitab Hidayatus Sibyan)","Hukum bacaan lafaz مِرْصَادًا pada ayat 21 An-Naba adalah Mad Arid Lissukun, yaitu alif mad di akhir ayat diwaqafkan dan dibaca panjang selama 2, 4, atau 6 harakat. 
Sumber: Kitab Hidayatus Sibyan",0.7879,True,0.787,0.8755
28,in_domain,groq,Bagaimana cara membaca lafaz لَابِثِينَ pada ayat ke-23?,"Lafaz لَابِثِينَ (laabitsiin) pada ayat 23 surah An-Naba' termasuk hukum Mad Thabi'i, kategori Mad Asli. Alif setelah lam dan ya setelah tsa, masing-masing dibaca panjang 2 harakat. (Sumber: Kitab Hidayatus Sibyan)","Lafaz لَابِثِينَ pada ayat ke-23 dibaca dengan hukum Mad Thabi'i, yaitu alif setelah lam dan ya setelah tsa, masing-masing dibaca panjang 2 harakat. 
Sumber: Kitab Hidayatus Sibyan",0.8065,True,0.732,0.8754
29,in_domain,groq,Sebutkan dan jelaskan hukum tajwid dari kata أَحْقَابًا di ayat 23!,"Lafaz أَحْقَابًا (ahqaabaa) pada ayat 23 surah An-Naba' termasuk hukum Mad Arid Lissukun, kategori Mad Far'i. Alif mad di akhir ayat diwaqafkan, dibaca panjang 2, 4, atau 6 harakat. (Sumber: Kitab Hidayatus Sibyan)","Hukum tajwid dari kata أَحْقَابًا di ayat 23 adalah Mad Arid Lissukun, yang termasuk dalam kategori Mad Far'i. Penjelasannya adalah Alif mad di akhir ayat diwaqafkan, dibaca panjang 2, 4, atau 6 harakat.

Sumber: Kitab Hidayatus Sibyan",0.7324,True,0.718,0.8823
30,in_domain,groq,Mengapa lafaz بَارِدًا وَلَا pada ayat 24 dibaca demikian? Jelaskan hukumnya!,"Lafaz بَارِدًا وَلَا (baaridan walaa) pada ayat 24 surah An-Naba' termasuk hukum Idgham Bighunnah, kategori Nun Mati dan Tanwin. Tanwin (nun mati) pada 'baaridan' bertemu huruf wawu, dibaca lebur dengan dengung 2 harakat. (Sumber: Kitab Hidayatus Sibyan)","Lafaz بَارِدًا وَلَا pada ayat 24 dibaca demikian karena Tanwin (nun mati) pada 'baaridan' bertemu huruf wawu, sehingga dibaca lebur dengan dengung 2 harakat. Hukum ini disebut Idgham Bighunnah, yaitu ketika nun mati atau tanwin bertemu dengan huruf wawu atau ya, maka dibaca lebur dengan dengung.

Sumber: Kitab Hidayatus Sibyan",0.5238,True,0.787,0.8226
31,in_domain,groq,Apa hukum tajwid pada lafaz غَسَّاقًا di ayat 25 surah An-Naba?,"Lafaz غَسَّاقًا (ghassaaqaa) pada ayat 25 surah An-Naba' termasuk hukum Mad Arid Lissukun, kategori Mad Far'i. Alif mad di akhir ayat diwaqafkan, dibaca panjang 2, 4, atau 6 harakat. (Sumber: Kitab Hidayatus Sibyan)","Hukum tajwid pada lafaz غَسَّاقًا di ayat 25 surah An-Naba adalah Mad Arid Lissukun, yaitu alif mad di akhir ayat diwaqafkan, dibaca panjang 2, 4, atau 6 harakat. 
Sumber: Kitab Hidayatus Sibyan",0.7879,True,0.741,0.8955
32,in_domain,groq,Jelaskan hukum bacaan lafaz وِفَاقًا pada ayat 26 An-Naba!,"Lafaz وِفَاقًا (wifaaqaa) pada ayat 26 surah An-Naba' termasuk hukum Mad Arid Lissukun, kategori Mad Far'i. Alif mad di akhir ayat diwaqafkan, dibaca panjang 2, 4, atau 6 harakat. (Sumber: Kitab Hidayatus Sibyan)","Hukum bacaan lafaz وِفَاقًا pada ayat 26 An-Naba adalah Mad Arid Lissukun, yaitu alif mad di akhir ayat diwaqafkan dan dibaca panjang 2, 4, atau 6 harakat. 
Sumber: Kitab Hidayatus Sibyan",0.8,True,0.808,0.8868
33,in_domain,groq,Bagaimana cara membaca lafaz كِذَّابًا pada ayat ke-28?,"Lafaz كِذَّابًا (kidz-dzaabaa) pada ayat 28 surah An-Naba' termasuk hukum Mad Arid Lissukun, kategori Mad Far'i. Alif mad di akhir ayat diwaqafkan, dibaca panjang 2, 4, atau 6 harakat. (Sumber: Kitab Hidayatus Sibyan)","Lafaz كِذَّابًا pada ayat ke-28 dibaca dengan hukum Mad Arid Lissukun, yaitu alif mad di akhir ayat diwaqafkan dan dibaca panjang 2, 4, atau 6 harakat. 
Sumber: Kitab Hidayatus Sibyan.",0.7692,True,0.842,0.8568
34,in_domain,groq,Sebutkan dan jelaskan hukum tajwid dari kata كِتَابًا di ayat 29!,"Lafaz كِتَابًا (kitaabaa) pada ayat 29 surah An-Naba' termasuk hukum Mad Arid Lissukun, kategori Mad Far'i. Alif mad di akhir ayat diwaqafkan, dibaca panjang 2, 4, atau 6 harakat. (Sumber: Kitab Hidayatus Sibyan)","Hukum tajwid dari kata كِتَابًا (kitaabaa) di ayat 29 adalah Mad Arid Lissukun, yang termasuk dalam kategori Mad Far'i. Penjelasannya adalah bahwa alif mad di akhir ayat diwaqafkan, dibaca panjang 2, 4, atau 6 harakat.

Sumber: Kitab Hidayatus Sibyan",0.7397,True,0.705,0.9057
35,in_domain,groq,Mengapa lafaz عَذَابًا pada ayat 30 dibaca demikian? Jelaskan hukumnya!,"Lafaz عَذَابًا ('adzaabaa) pada ayat 30 surah An-Naba' termasuk hukum Mad Arid Lissukun, kategori Mad Far'i. Alif mad di akhir ayat diwaqafkan, dibaca panjang 2, 4, atau 6 harakat. (Sumber: Kitab Hidayatus Sibyan)","Lafaz عَذَابًا pada ayat 30 dibaca demikian karena hukumnya adalah Mad Arid Lissukun, yaitu alif mad di akhir ayat diwaqafkan, dibaca panjang 2, 4, atau 6 harakat. Ini termasuk dalam kategori Mad Far'i.

Sumber: Kitab Hidayatus Sibyan",0.6761,False,0.609,0.8751
36,in_domain,groq,Apa hukum tajwid pada lafaz مَفَازًا di ayat 31 surah An-Naba?,"Lafaz مَفَازًا (mafaazaa) pada ayat 31 surah An-Naba' termasuk hukum Mad Arid Lissukun, kategori Mad Far'i. Alif mad di akhir ayat diwaqafkan, dibaca panjang 2, 4, atau 6 harakat. (Sumber: Kitab Hidayatus Sibyan)","Hukum tajwid pada lafaz مَفَازًا di ayat 31 surah An-Naba adalah Mad Arid Lissukun, yaitu alif mad di akhir ayat diwaqafkan, dibaca panjang 2, 4, atau 6 harakat. 
Sumber: Kitab Hidayatus Sibyan.",0.7879,True,0.751,0.8912
37,in_domain,groq,Jelaskan hukum bacaan lafaz وَكَوَاعِبَ أَتْرَابًا pada ayat 33 An-Naba!,"Lafaz وَكَوَاعِبَ أَتْرَابًا (wa kawaa'iba atraabaa) pada ayat 33 surah An-Naba' termasuk hukum Mad Arid Lissukun, kategori Mad Far'i. Alif mad di akhir ayat diwaqafkan, dibaca panjang 2, 4, atau 6 harakat. (Sumber: Kitab Hidayatus Sibyan)","Hukum bacaan lafaz وَكَوَاعِبَ أَتْرَابًا pada ayat 33 An-Naba adalah Mad Arid Lissukun, yang termasuk dalam kategori Mad Far'i. Penjelasannya adalah bahwa alif mad di akhir ayat diwaqafkan, dibaca panjang 2, 4, atau 6 harakat.

Sumber: Kitab Hidayatus Sibyan",0.7895,True,0.751,0.8894
38,in_domain,groq,Bagaimana cara membaca lafaz لَغْوًا وَلَا pada ayat ke-35?,"Lafaz لَغْوًا وَلَا (laghwan walaa) pada ayat 35 surah An-Naba' termasuk hukum Idgham Bighunnah, kategori Nun Mati dan Tanwin. Tanwin pada 'laghwan' bertemu huruf wawu, dibaca lebur dengan dengung 2 harakat. (Sumber: Kitab Hidayatus Sibyan)","Lafaz لَغْوًا وَلَا pada ayat ke-35 dibaca dengan hukum Idgham Bighunnah, yaitu tanwin pada 'laghwan' bertemu huruf wawu, dibaca lebur dengan dengung 2 harakat.

Sumber: Kitab Hidayatus Sibyan",0.7541,True,0.767,0.8699
39,in_domain,groq,Sebutkan dan jelaskan hukum tajwid dari kata الرَّحْمَٰنِ di ayat 37!,"Lafaz الرَّحْمَٰنِ (ar-rahmaani) pada ayat 37 surah An-Naba' termasuk hukum Idgham Syamsiyyah, kategori Alif Lam. Alif lam bertemu huruf ra (huruf syamsiyyah), lam dilebur ke dalam ra dan dibaca tasydid. (Sumber: Kitab Hidayatus Sibyan)","Hukum tajwid dari kata الرَّحْمَٰنِ (ar-rahmaani) di ayat 37 adalah Idgham Syamsiyyah. Ini berarti bahwa alif lam bertemu huruf ra (huruf syamsiyyah), sehingga lam dilebur ke dalam ra dan dibaca tasydid.

Sumber: Kitab Hidayatus Sibyan",0.7143,True,0.825,0.8916
40,in_domain,groq,Mengapa lafaz الرُّوحُ pada ayat 38 dibaca demikian? Jelaskan hukumnya!,"Lafaz الرُّوحُ (ar-ruuhu) pada ayat 38 surah An-Naba' termasuk hukum Idgham Syamsiyyah, kategori Alif Lam. Alif lam bertemu huruf ra (huruf syamsiyyah), lam dilebur ke dalam ra dan dibaca tasydid. (Sumber: Kitab Hidayatus Sibyan)","Lafaz الرُّوحُ pada ayat 38 dibaca demikian karena terdapat hukum Idgham Syamsiyyah. Hukum ini berlaku ketika Alif Lam bertemu dengan huruf Ra (huruf syamsiyyah), maka Lam dilebur ke dalam Ra dan dibaca tasydid. Dalam konteks ini, lafaz الرُّوحُ (ar-ruuhu) mengalami Idgham Syamsiyyah karena Alif Lam (ال) bertemu dengan huruf Ra (ر), sehingga Lam dilebur ke dalam Ra dan dibaca tasydid.

Sumber: Kitab Hidayatus Sibyan",0.5417,True,0.78,0.7927
41,in_domain,groq,Apa hukum tajwid pada lafaz صَوَابًا di ayat 38 surah An-Naba?,"Lafaz صَوَابًا (shawaabaa) pada ayat 38 surah An-Naba' termasuk hukum Mad Arid Lissukun, kategori Mad Far'i. Alif mad di akhir ayat diwaqafkan, dibaca panjang 2, 4, atau 6 harakat. (Sumber: Kitab Hidayatus Sibyan)","Hukum tajwid pada lafaz صَوَابًا di ayat 38 surah An-Naba adalah Mad Arid Lissukun, yaitu alif mad di akhir ayat diwaqafkan, dibaca panjang 2, 4, atau 6 harakat.

Sumber: Kitab Hidayatus Sibyan (Konteks 2)",0.7647,True,0.754,0.8861
42,in_domain,groq,Jelaskan hukum bacaan lafaz مَآبًا pada ayat 39 An-Naba!,"Lafaz مَآبًا (ma-aabaa) pada ayat 39 surah An-Naba' termasuk hukum Mad Arid Lissukun, kategori Mad Far'i. Alif mad di akhir ayat diwaqafkan, dibaca panjang 2, 4, atau 6 harakat. (Sumber: Kitab Hidayatus Sibyan)","Hukum bacaan lafaz مَآبًا pada ayat 39 An-Naba adalah Mad Arid Lissukun, yaitu alif mad di akhir ayat diwaqafkan dan dibaca panjang 2, 4, atau 6 harakat. 
Sumber: Kitab Hidayatus Sibyan",0.7879,True,0.807,0.868
43,in_domain,groq,Bagaimana cara membaca lafaz قَرِيبًا pada ayat ke-40?,"Lafaz قَرِيبًا (qariibaa) pada ayat 40 surah An-Naba' termasuk hukum Mad Arid Lissukun, kategori Mad Far'i. Alif mad di akhir ayat diwaqafkan, dibaca panjang 2, 4, atau 6 harakat. (Sumber: Kitab Hidayatus Sibyan)","Lafaz قَرِيبًا pada ayat ke-40 dibaca dengan hukum Mad Arid Lissukun, yaitu alif mad di akhir ayat diwaqafkan dan dibaca panjang 2, 4, atau 6 harakat. 
Sumber: Kitab Hidayatus Sibyan",0.7812,True,0.837,0.8634
44,in_domain,groq,Sebutkan dan jelaskan hukum tajwid dari kata تُرَابًا di ayat 40!,"Lafaz تُرَابًا (turaabaa) pada ayat 40 surah An-Naba' termasuk hukum Mad Arid Lissukun, kategori Mad Far'i. Alif mad di akhir ayat diwaqafkan, dibaca panjang 2, 4, atau 6 harakat. (Sumber: Kitab Hidayatus Sibyan)","Hukum tajwid dari kata تُرَابًا di ayat 40 adalah Mad Arid Lissukun, yang termasuk dalam kategori Mad Far'i. Penjelasannya adalah bahwa alif mad di akhir ayat diwaqafkan, dibaca panjang 2, 4, atau 6 harakat.

Sumber: Kitab Hidayatus Sibyan",0.7222,True,0.716,0.8877
45,out_of_domain,groq,Apa hukum tajwid Iqlab dalam surah An-Naba?,Informasi tersebut tidak tersedia dalam database tajwid An-Naba.,"Informasi tersebut tidak tersedia dalam database tajwid An-Naba.
Sumber: Kitab Hidayatus Sibyan",0.8182,True,1.0,0.888
46,out_of_domain,groq,Jelaskan hukum bacaan Ikhfa Haqiqi pada surah An-Naba!,Informasi tersebut tidak tersedia dalam database tajwid An-Naba.,"Informasi tersebut tidak tersedia dalam database tajwid An-Naba.
Sumber: Kitab Hidayatus Sibyan",0.8182,True,1.0,0.888
47,out_of_domain,groq,Sebutkan contoh Qalqalah Kubra dalam surah An-Naba!,Informasi tersebut tidak tersedia dalam database tajwid An-Naba.,"Informasi tersebut tidak tersedia dalam database tajwid An-Naba.
Sumber: Kitab Hidayatus Sibyan",0.8182,True,1.0,0.888
48,out_of_domain,groq,Apa hukum Mad Wajib Muttasil dalam surah An-Naba?,Informasi tersebut tidak tersedia dalam database tajwid An-Naba.,"Informasi tersebut tidak tersedia dalam database tajwid An-Naba.
Sumber: Kitab Hidayatus Sibyan",0.8182,True,1.0,0.888
49,out_of_domain,groq,Jelaskan hukum Mad Jaiz Munfasil pada surah An-Naba!,Informasi tersebut tidak tersedia dalam database tajwid An-Naba.,"Informasi tersebut tidak tersedia dalam database tajwid An-Naba.
Sumber: Kitab Hidayatus Sibyan",0.8182,True,1.0,0.888
50,out_of_domain,groq,Apa hukum tajwid Izhar Halqi dalam surah An-Naba?,Informasi tersebut tidak tersedia dalam database tajwid An-Naba.,"Informasi tersebut tidak tersedia dalam database tajwid An-Naba.
Sumber: Kitab Hidayatus Sibyan",0.8182,True,1.0,0.888
1,in_domain,gemini,Apa hukum tajwid pada lafaz عَمَّ di ayat 1 surah An-Naba?,"Lafaz عَمَّ ('amma) pada ayat 1 surah An-Naba' termasuk hukum Idgham Bighunnah, kategori Nun Mati dan Tanwin. Berasal dari 'an + ma'. Nun mati bertemu huruf mim, dibaca lebur dengan dengung (ghunnah) selama 2 harakat. (Sumber: Kitab Hidayatus Sibyan)","Hukum tajwid pada lafaz **عَمَّ** ('amma) di ayat 1 surah An-Naba adalah sebagai berikut:

*   **Hukum:** Idgham Bighunnah
*   **Kategori:** Nun Mati dan Tanwin
*   **Penjelasan:** Lafaz ini berasal dari *'an + ma'*. Nun mati bertemu dengan huruf mim, sehingga dibaca lebur dengan dengung (ghunnah) selama 2 harakat.

**Sumber:** Kitab Hidayatus Sibyan",0.8372,True,0.756,0.8149
2,in_domain,gemini,Jelaskan hukum bacaan lafaz يَتَسَاءَلُونَ pada ayat 1 An-Naba!,"Lafaz يَتَسَاءَلُونَ (yatasaa'aluun) pada ayat 1 surah An-Naba' termasuk hukum Mad Arid Lissukun, kategori Mad Far'i. Huruf wawu mad di akhir ayat diwaqafkan, dibaca panjang 2, 4, atau 6 harakat. (Sumber: Kitab Hidayatus Sibyan)","Berdasarkan konteks yang tersedia, berikut adalah penjelasan hukum tajwid untuk lafaz **يَتَسَاءَلُونَ** pada ayat 1 Surah An-Naba:

*   **Lafaz:** يَتَسَاءَلُونَ (yatasaa'aluun)
*   **Hukum:** Mad Arid Lissukun
*   **Kategori:** Mad Far'i
*   **Penjelasan:** Huruf wawu mad di akhir ayat diwaqafkan, sehingga dibaca panjang 2, 4, atau 6 harakat.

**Sumber:** Kitab Hidayatus Sibyan",0.7857,True,0.632,0.8127
3,in_domain,gemini,Bagaimana cara membaca lafaz النَّبَإِ pada ayat ke-2?,"Lafaz النَّبَإِ (an-naba-i) pada ayat 2 surah An-Naba' termasuk hukum Idgham Syamsiyyah, kategori Alif Lam. Alif lam bertemu huruf nun (huruf syamsiyyah), lam dibaca lebur/idgham ke dalam nun dan dibaca dengan tasydid. (Sumber: Kitab Hidayatus Sibyan)","Cara membaca lafaz **النَّبَإِ** pada ayat ke-2 adalah dengan hukum **Idgham Syamsiyyah**.

**Penjelasan:**
Alif lam bertemu dengan huruf nun (huruf syamsiyyah), sehingga lam dibaca lebur atau masuk (idgham) ke dalam huruf nun dan dibaca dengan menggunakan tasydid.

**Sumber:** Kitab Hidayatus Sibyan",0.725,True,0.835,0.8443
4,in_domain,gemini,Sebutkan dan jelaskan hukum tajwid dari kata الْعَظِيمِ di ayat 2!,"Lafaz الْعَظِيمِ (al-'azhiim) pada ayat 2 surah An-Naba' termasuk hukum Izhar Qamariyyah, kategori Alif Lam. Alif lam bertemu huruf ain (huruf qamariyyah), lam dibaca jelas/izhar tanpa dilebur. (Sumber: Kitab Hidayatus Sibyan)","Hukum tajwid untuk lafaz **الْعَظِيمِ** (al-'azhiim) pada ayat 2 adalah sebagai berikut:

*   **Hukum:** Izhar Qamariyyah
*   **Kategori:** Alif Lam
*   **Penjelasan:** Alif lam bertemu dengan huruf ain (huruf qamariyyah), sehingga lam dibaca secara jelas atau izhar tanpa dileburkan.

**Sumber:** Kitab Hidayatus Sibyan",0.7671,True,0.793,0.8347
5,in_domain,gemini,Mengapa lafaz الَّذِي pada ayat 3 dibaca demikian? Jelaskan hukumnya!,"Lafaz الَّذِي (alladzii) pada ayat 3 surah An-Naba' termasuk hukum Idgham Syamsiyyah, kategori Alif Lam. Alif lam bertemu huruf lam (huruf syamsiyyah), lam pertama dilebur ke lam berikutnya dan dibaca tasydid. (Sumber: Kitab Hidayatus Sibyan)","Lafaz الَّذِي pada ayat 3 dibaca dengan hukum **Idgham Syamsiyyah**.

**Penjelasan:**
Hukum ini terjadi karena Alif lam bertemu dengan huruf lam (huruf syamsiyyah). Cara membacanya adalah lam pertama dileburkan ke dalam lam berikutnya sehingga dibaca dengan tasydid.

**Sumber:** Kitab Hidayatus Sibyan",0.6667,True,0.692,0.8307
6,in_domain,gemini,Apa hukum tajwid pada lafaz هُمْ فِيهِ di ayat 3 surah An-Naba?,"Lafaz هُمْ فِيهِ (hum fiih) pada ayat 3 surah An-Naba' termasuk hukum Idgham Bighunnah, kategori Nun Mati dan Tanwin. Mim mati bertemu huruf fa — ini sebenarnya izhar syafawi karena mim mati bertemu selain ba/mim, dibaca jelas. (Sumber: Kitab Hidayatus Sibyan)","Berdasarkan konteks yang tersedia, hukum tajwid pada lafaz **هُمْ فِيهِ** di ayat 3 surah An-Naba adalah sebagai berikut:

*   **Lafaz:** هُمْ فِيهِ (hum fiih)
*   **Hukum:** Idgham Bighunnah
*   **Kategori:** Nun Mati dan Tanwin
*   **Penjelasan:** Mim mati bertemu huruf fa — ini sebenarnya izhar syafawi karena mim mati bertemu selain ba/mim, dibaca jelas.

**Sumber:** Kitab Hidayatus Sibyan",0.7912,True,0.637,0.8217
7,in_domain,gemini,Jelaskan hukum bacaan lafaz كَلَّا pada ayat 4 An-Naba!,"Lafaz كَلَّا (kallaa) pada ayat 4 surah An-Naba' termasuk hukum Mad Thabi'i, kategori Mad Asli. Huruf lam bertemu alif mad, dibaca panjang 2 harakat. (Sumber: Kitab Hidayatus Sibyan)","Hukum bacaan lafaz كَلَّا pada ayat 4 Surah An-Naba adalah sebagai berikut:

*   **Hukum:** Mad Thabi'i
*   **Kategori:** Mad Asli
*   **Penjelasan:** Huruf lam bertemu dengan alif mad, sehingga dibaca panjang selama 2 harakat.

**Sumber:** Kitab Hidayatus Sibyan",0.8308,True,0.736,0.8193
8,in_domain,gemini,Bagaimana cara membaca lafaz كَلَّا سَيَعْلَمُونَ pada ayat ke-5?,"Lafaz كَلَّا سَيَعْلَمُونَ (kallaa saya'lamuun) pada ayat 5 surah An-Naba' termasuk hukum Mad Arid Lissukun, kategori Mad Far'i. Wawu mad di akhir ayat diwaqafkan, dibaca panjang 2, 4, atau 6 harakat. (Sumber: Kitab Hidayatus Sibyan)","Lafaz كَلَّا سَيَعْلَمُونَ pada ayat ke-5 memiliki hukum tajwid **Mad Arid Lissukun** (kategori Mad Far'i). Cara membacanya adalah dengan memanjangkan bunyi wawu mad di akhir ayat karena diwaqafkan, dengan panjang 2, 4, atau 6 harakat.

Sumber: Kitab Hidayatus Sibyan",0.7467,True,0.755,0.8705
9,in_domain,gemini,Sebutkan dan jelaskan hukum tajwid dari kata الْأَرْضَ di ayat 6!,"Lafaz الْأَرْضَ (al-ardha) pada ayat 6 surah An-Naba' termasuk hukum Izhar Qamariyyah, kategori Alif Lam. Alif lam bertemu hamzah (huruf qamariyyah), lam dibaca jelas. (Sumber: Kitab Hidayatus Sibyan)","Hukum tajwid dari kata **الْأَرْضَ** (al-ardha) pada ayat 6 adalah sebagai berikut:

*   **Hukum:** Izhar Qamariyyah
*   **Kategori:** Alif Lam
*   **Penjelasan:** Alif lam bertemu dengan huruf hamzah (salah satu huruf qamariyyah), sehingga huruf lam dibaca dengan jelas.

**Sumber:** Kitab Hidayatus Sibyan",0.7059,True,0.757,0.8099
10,in_domain,gemini,Mengapa lafaz مِهَادًا pada ayat 6 dibaca demikian? Jelaskan hukumnya!,"Lafaz مِهَادًا (mihaadaa) pada ayat 6 surah An-Naba' termasuk hukum Mad Arid Lissukun, kategori Mad Far'i. Alif mad di akhir ayat diwaqafkan, dibaca panjang 2, 4, atau 6 harakat. (Sumber: Kitab Hidayatus Sibyan)","Lafaz **مِهَادًا** pada ayat 6 dibaca demikian karena memiliki hukum tajwid sebagai berikut:

*   **Hukum:** Mad Arid Lissukun
*   **Kategori:** Mad Far'i
*   **Penjelasan:** Alif mad di akhir ayat diwaqafkan, sehingga dibaca panjang 2, 4, atau 6 harakat.

**Sumber:** Kitab Hidayatus Sibyan",0.7945,True,0.767,0.8229
11,in_domain,gemini,Apa hukum tajwid pada lafaz الْجِبَالَ di ayat 7 surah An-Naba?,"Lafaz الْجِبَالَ (al-jibaala) pada ayat 7 surah An-Naba' termasuk hukum Izhar Qamariyyah, kategori Alif Lam. Alif lam bertemu jim (huruf qamariyyah), lam dibaca jelas. (Sumber: Kitab Hidayatus Sibyan)","Hukum tajwid pada lafaz **الْجِبَالَ** di ayat 7 surah An-Naba adalah sebagai berikut:

*   **Hukum:** Izhar Qamariyyah
*   **Kategori:** Alif Lam
*   **Penjelasan:** Alif lam bertemu dengan huruf jim (huruf qamariyyah), sehingga lam dibaca dengan jelas.

**Sumber:** Kitab Hidayatus Sibyan",0.7576,True,0.728,0.8226
12,in_domain,gemini,Jelaskan hukum bacaan lafaz أَوْتَادًا pada ayat 7 An-Naba!,"Lafaz أَوْتَادًا (awtaadaa) pada ayat 7 surah An-Naba' termasuk hukum Mad Arid Lissukun, kategori Mad Far'i. Alif mad di akhir ayat diwaqafkan, dibaca panjang 2, 4, atau 6 harakat. (Sumber: Kitab Hidayatus Sibyan)","Berdasarkan konteks yang tersedia, berikut adalah penjelasan hukum tajwid untuk lafaz tersebut:

**Lafaz:** أَوْتَادًا (awtaadaa)
**Ayat:** 7
**Hukum:** Mad Arid Lissukun
**Kategori:** Mad Far'i
**Penjelasan:** Alif mad di akhir ayat diwaqafkan, dibaca panjang 2, 4, atau 6 harakat.

**Sumber:** Kitab Hidayatus Sibyan",0.7632,True,0.613,0.7884
13,in_domain,gemini,Bagaimana cara membaca lafaz أَزْوَاجًا pada ayat ke-8?,"Lafaz أَزْوَاجًا (azwaajaa) pada ayat 8 surah An-Naba' termasuk hukum Mad Arid Lissukun, kategori Mad Far'i. Alif mad di akhir ayat diwaqafkan, dibaca panjang 2, 4, atau 6 harakat. (Sumber: Kitab Hidayatus Sibyan)","Berdasarkan konteks yang tersedia, berikut adalah penjelasan mengenai cara membaca lafaz **أَزْوَاجًا** pada ayat ke-8:

Lafaz **أَزْوَاجًا** (azwaajaa) memiliki hukum tajwid **Mad Arid Lissukun** (Kategori: Mad Far'i). Cara membacanya adalah dengan memanjangkan suara pada alif mad di akhir ayat yang diwaqafkan tersebut selama **2, 4, atau 6 harakat**.

**Sumber:** Kitab Hidayatus Sibyan",0.6279,True,0.739,0.7897
14,in_domain,gemini,Sebutkan dan jelaskan hukum tajwid dari kata سُبَاتًا di ayat 9!,"Lafaz سُبَاتًا (subaataa) pada ayat 9 surah An-Naba' termasuk hukum Mad Arid Lissukun, kategori Mad Far'i. Alif mad di akhir ayat diwaqafkan, dibaca panjang 2, 4, atau 6 harakat. (Sumber: Kitab Hidayatus Sibyan)","Berdasarkan konteks yang tersedia, berikut adalah penjelasan hukum tajwid untuk kata **سُبَاتًا** pada ayat 9:

*   **Lafaz:** سُبَاتًا (subaataa)
*   **Hukum Tajwid:** Mad Arid Lissukun
*   **Kategori:** Mad Far'i
*   **Penjelasan:** Terdapat alif mad di akhir ayat yang diwaqafkan (berhenti), sehingga dibaca panjang 2, 4, atau 6 harakat.

**Sumber:** Kitab Hidayatus Sibyan",0.6914,True,0.583,0.7849
16,in_domain,gemini,Apa hukum tajwid pada lafaz مَعَاشًا di ayat 11 surah An-Naba?,"Lafaz مَعَاشًا (ma'aasyaa) pada ayat 11 surah An-Naba' termasuk hukum Mad Arid Lissukun, kategori Mad Far'i. Alif mad di akhir ayat diwaqafkan, dibaca panjang 2, 4, atau 6 harakat. (Sumber: Kitab Hidayatus Sibyan)","Hukum tajwid pada lafaz **مَعَاشًا** di ayat 11 surah An-Naba adalah sebagai berikut:

*   **Hukum:** Mad Arid Lissukun
*   **Kategori:** Mad Far'i
*   **Penjelasan:** Alif mad di akhir ayat diwaqafkan, sehingga dibaca panjang 2, 4, atau 6 harakat.

**Sumber:** Kitab Hidayatus Sibyan",0.8267,True,0.663,0.8412
17,in_domain,gemini,Jelaskan hukum bacaan lafaz شِدَادًا pada ayat 12 An-Naba!,"Lafaz شِدَادًا (syi daadaa) pada ayat 12 surah An-Naba' termasuk hukum Mad Arid Lissukun, kategori Mad Far'i. Alif mad di akhir ayat diwaqafkan, dibaca panjang 2, 4, atau 6 harakat. (Sumber: Kitab Hidayatus Sibyan)","Berdasarkan konteks yang tersedia, berikut adalah penjelasan hukum tajwid untuk lafaz tersebut:

**Lafaz:** شِدَادًا (syi daadaa)
**Ayat:** 12
**Hukum:** Mad Arid Lissukun
**Kategori:** Mad Far'i
**Penjelasan:** Alif mad di akhir ayat diwaqafkan, dibaca panjang 2, 4, atau 6 harakat.

**Sumber:** Kitab Hidayatus Sibyan",0.7692,True,0.608,0.785
18,in_domain,gemini,Bagaimana cara membaca lafaz وَهَّاجًا pada ayat ke-13?,"Lafaz وَهَّاجًا (wahhaajaa) pada ayat 13 surah An-Naba' termasuk hukum Mad Arid Lissukun, kategori Mad Far'i. Alif mad di akhir ayat diwaqafkan, dibaca panjang 2, 4, atau 6 harakat. (Sumber: Kitab Hidayatus Sibyan)","Cara membaca lafaz وَهَّاجًا (wahhaajaa) pada ayat ke-13 adalah dengan hukum **Mad Arid Lissukun**. Penjelasannya adalah alif mad di akhir ayat tersebut diwaqafkan, sehingga dibaca panjang selama 2, 4, atau 6 harakat.

Sumber: Kitab Hidayatus Sibyan",0.7429,True,0.766,0.8823
19,in_domain,gemini,Sebutkan dan jelaskan hukum tajwid dari kata ثَجَّاجًا di ayat 14!,"Lafaz ثَجَّاجًا (tsajjaajaa) pada ayat 14 surah An-Naba' termasuk hukum Mad Arid Lissukun, kategori Mad Far'i. Alif mad di akhir ayat diwaqafkan, dibaca panjang 2, 4, atau 6 harakat. (Sumber: Kitab Hidayatus Sibyan)","Hukum tajwid dari kata **ثَجَّاجًا** pada ayat 14 adalah sebagai berikut:

*   **Hukum:** Mad Arid Lissukun
*   **Kategori:** Mad Far'i
*   **Penjelasan:** Alif mad di akhir ayat diwaqafkan, sehingga dibaca panjang 2, 4, atau 6 harakat.

**Sumber:** Kitab Hidayatus Sibyan",0.7887,True,0.659,0.8179
2,in_domain,groq,Jelaskan hukum bacaan lafaz يَتَسَاءَلُونَ pada ayat 1 An-Naba!,"Lafaz يَتَسَاءَلُونَ (yatasaa'aluun) pada ayat 1 surah An-Naba' termasuk hukum Mad Arid Lissukun, kategori Mad Far'i. Huruf wawu mad di akhir ayat diwaqafkan, dibaca panjang 2, 4, atau 6 harakat. (Sumber: Kitab Hidayatus Sibyan)","Hukum bacaan lafaz يَتَسَاءَلُونَ pada ayat 1 An-Naba adalah Mad Arid Lissukun. Lafaz ini termasuk dalam kategori Mad Far'i, yaitu huruf wawu mad di akhir ayat yang diwaqafkan. Dibaca panjang 2, 4, atau 6 harakat.

Sumber: Kitab Hidayatus Sibyan",0.8158,True,0.721,0.8869
3,in_domain,groq,Bagaimana cara membaca lafaz النَّبَإِ pada ayat ke-2?,"Lafaz النَّبَإِ (an-naba-i) pada ayat 2 surah An-Naba' termasuk hukum Idgham Syamsiyyah, kategori Alif Lam. Alif lam bertemu huruf nun (huruf syamsiyyah), lam dibaca lebur/idgham ke dalam nun dan dibaca dengan tasydid. (Sumber: Kitab Hidayatus Sibyan)","Lafaz النَّبَإِ pada ayat ke-2 dibaca dengan hukum Idgham Syamsiyyah, yaitu lam dibaca lebur/idgham ke dalam nun dan dibaca dengan tasydid. 
Sumber: Kitab Hidayatus Sibyan",0.6769,True,0.827,0.851
15,in_domain,gemini,Mengapa lafaz لِبَاسًا pada ayat 10 dibaca demikian? Jelaskan hukumnya!,"Lafaz لِبَاسًا (libaasaa) pada ayat 10 surah An-Naba' termasuk hukum Mad Arid Lissukun, kategori Mad Far'i. Alif mad di akhir ayat diwaqafkan, dibaca panjang 2, 4, atau 6 harakat. (Sumber: Kitab Hidayatus Sibyan)","Lafaz لِبَاسًا pada ayat 10 dibaca demikian karena memiliki hukum tajwid sebagai berikut:

*   **Hukum:** Mad Arid Lissukun
*   **Kategori:** Mad Far'i
*   **Penjelasan:** Alif mad di akhir ayat diwaqafkan, sehingga dibaca panjang 2, 4, atau 6 harakat.

**Sumber:** Kitab Hidayatus Sibyan",0.7945,True,0.744,0.8268
20,in_domain,gemini,Mengapa lafaz حَبًّا pada ayat 15 dibaca demikian? Jelaskan hukumnya!,"Lafaz حَبًّا (habbaa) pada ayat 15 surah An-Naba' termasuk hukum Mad Arid Lissukun, kategori Mad Far'i. Alif mad di akhir ayat diwaqafkan, dibaca panjang 2, 4, atau 6 harakat. (Sumber: Kitab Hidayatus Sibyan)","Lafaz حَبًّا pada ayat 15 dibaca demikian karena memiliki hukum tajwid **Mad Arid Lissukun**.

Berikut adalah penjelasan rincinya:
*   **Kategori:** Mad Far'i.
*   **Penjelasan:** Alif mad di akhir ayat diwaqafkan, sehingga dibaca panjang 2, 4, atau 6 harakat.

**Sumber:** Kitab Hidayatus Sibyan",0.7838,True,0.685,0.8261
21,in_domain,gemini,Apa hukum tajwid pada lafaz وَنَبَاتًا di ayat 15 surah An-Naba?,"Lafaz وَنَبَاتًا (wa nabaataa) pada ayat 15 surah An-Naba' termasuk hukum Mad Arid Lissukun, kategori Mad Far'i. Alif mad di akhir ayat diwaqafkan, dibaca panjang 2, 4, atau 6 harakat. (Sumber: Kitab Hidayatus Sibyan)","Hukum tajwid pada lafaz **وَنَبَاتًا** (wa nabaataa) di ayat 15 surah An-Naba adalah sebagai berikut:

*   **Hukum:** Mad Arid Lissukun
*   **Kategori:** Mad Far'i
*   **Penjelasan:** Alif mad di akhir ayat diwaqafkan, dibaca panjang 2, 4, atau 6 harakat.

**Sumber:** Kitab Hidayatus Sibyan",0.8684,True,0.645,0.8641
22,in_domain,gemini,Jelaskan hukum bacaan lafaz الْفَصْلِ pada ayat 17 An-Naba!,"Lafaz الْفَصْلِ (al-fashl) pada ayat 17 surah An-Naba' termasuk hukum Izhar Qamariyyah, kategori Alif Lam. Alif lam bertemu fa (huruf qamariyyah), lam dibaca jelas. (Sumber: Kitab Hidayatus Sibyan)","Hukum bacaan lafaz **الْفَصْلِ** pada ayat 17 Surah An-Naba adalah sebagai berikut:

*   **Hukum:** Izhar Qamariyyah
*   **Kategori:** Alif Lam
*   **Penjelasan:** Alif lam bertemu dengan huruf fa (huruf qamariyyah), sehingga lam sukun dibaca dengan jelas.

**Sumber:** Kitab Hidayatus Sibyan",0.7879,True,0.786,0.8144
23,in_domain,gemini,Bagaimana cara membaca lafaz مِيقَاتًا pada ayat ke-17?,"Lafaz مِيقَاتًا (miiqaataa) pada ayat 17 surah An-Naba' termasuk hukum Mad Arid Lissukun, kategori Mad Far'i. Alif mad di akhir ayat diwaqafkan, dibaca panjang 2, 4, atau 6 harakat. (Sumber: Kitab Hidayatus Sibyan)","Lafaz مِيقَاتًا pada ayat ke-17 memiliki hukum tajwid sebagai berikut:

*   **Hukum:** Mad Arid Lissukun
*   **Kategori:** Mad Far'i
*   **Cara Membaca:** Alif mad di akhir ayat tersebut diwaqafkan, sehingga dibaca panjang 2, 4, atau 6 harakat.

**Sumber:** Kitab Hidayatus Sibyan",0.7945,True,0.73,0.8238
24,in_domain,gemini,Sebutkan dan jelaskan hukum tajwid dari kata فَتَأْتُونَ di ayat 18!,"Lafaz فَتَأْتُونَ (fata'tuun) pada ayat 18 surah An-Naba' termasuk hukum Mad Arid Lissukun, kategori Mad Far'i. Wawu mad di akhir ayat diwaqafkan, dibaca panjang 2, 4, atau 6 harakat. (Sumber: Kitab Hidayatus Sibyan)","Berdasarkan konteks yang tersedia, berikut adalah penjelasan hukum tajwid untuk kata **فَتَأْتُونَ** pada ayat 18:

*   **Lafaz:** فَتَأْتُونَ (fata'tuun)
*   **Hukum Tajwid:** Mad Arid Lissukun
*   **Kategori:** Mad Far'i
*   **Penjelasan:** Wawu mad di akhir ayat diwaqafkan, dibaca panjang 2, 4, atau 6 harakat.

**Sumber:** Kitab Hidayatus Sibyan",0.7089,True,0.608,0.7921
25,in_domain,gemini,Mengapa lafaz سَرَابًا pada ayat 20 dibaca demikian? Jelaskan hukumnya!,"Lafaz سَرَابًا (saraabaa) pada ayat 20 surah An-Naba' termasuk hukum Mad Arid Lissukun, kategori Mad Far'i. Alif mad di akhir ayat diwaqafkan, dibaca panjang 2, 4, atau 6 harakat. (Sumber: Kitab Hidayatus Sibyan)","Lafaz سَرَابًا (saraabaa) pada ayat 20 dibaca demikian karena memiliki hukum tajwid sebagai berikut:

*   **Hukum:** Mad Arid Lissukun
*   **Kategori:** Mad Far'i
*   **Penjelasan:** Alif mad di akhir ayat diwaqafkan, sehingga dibaca panjang 2, 4, atau 6 harakat.

**Sumber:** Kitab Hidayatus Sibyan",0.8108,True,0.728,0.8461
26,in_domain,gemini,Apa hukum tajwid pada lafaz جَهَنَّمَ di ayat 21 surah An-Naba?,"Lafaz جَهَنَّمَ (jahannama) pada ayat 21 surah An-Naba' termasuk hukum Ghunnah, kategori Ghunnah. Huruf nun bertasydid dibaca dengung selama 2 harakat. (Sumber: Kitab Hidayatus Sibyan)","Hukum tajwid pada lafaz **جَهَنَّمَ** (jahannama) di ayat 21 surah An-Naba adalah sebagai berikut:

*   **Hukum:** Ghunnah
*   **Kategori:** Ghunnah
*   **Penjelasan:** Huruf nun bertasydid dibaca dengung selama 2 harakat.

**Sumber:** Kitab Hidayatus Sibyan",0.8214,True,0.648,0.8414
27,in_domain,gemini,Jelaskan hukum bacaan lafaz مِرْصَادًا pada ayat 21 An-Naba!,"Lafaz مِرْصَادًا (mirshaadaa) pada ayat 21 surah An-Naba' termasuk hukum Mad Arid Lissukun, kategori Mad Far'i. Alif mad di akhir ayat diwaqafkan, dibaca panjang 2, 4, atau 6 harakat. (Sumber: Kitab Hidayatus Sibyan)","Hukum bacaan lafaz **مِرْصَادًا** pada ayat 21 Surah An-Naba adalah sebagai berikut:

*   **Hukum:** Mad Arid Lissukun
*   **Kategori:** Mad Far'i
*   **Penjelasan:** Alif mad di akhir ayat diwaqafkan, sehingga dibaca panjang 2, 4, atau 6 harakat.

**Sumber:** Kitab Hidayatus Sibyan",0.8767,True,0.718,0.8358
28,in_domain,gemini,Bagaimana cara membaca lafaz لَابِثِينَ pada ayat ke-23?,"Lafaz لَابِثِينَ (laabitsiin) pada ayat 23 surah An-Naba' termasuk hukum Mad Thabi'i, kategori Mad Asli. Alif setelah lam dan ya setelah tsa, masing-masing dibaca panjang 2 harakat. (Sumber: Kitab Hidayatus Sibyan)","Lafaz لَابِثِينَ pada ayat ke-23 memiliki hukum **Mad Thabi'i** (kategori Mad Asli). Cara membacanya adalah alif setelah lam dan ya setelah tsa masing-masing dibaca panjang 2 harakat.

Sumber: Kitab Hidayatus Sibyan",0.8485,True,0.747,0.88
29,in_domain,gemini,Sebutkan dan jelaskan hukum tajwid dari kata أَحْقَابًا di ayat 23!,"Lafaz أَحْقَابًا (ahqaabaa) pada ayat 23 surah An-Naba' termasuk hukum Mad Arid Lissukun, kategori Mad Far'i. Alif mad di akhir ayat diwaqafkan, dibaca panjang 2, 4, atau 6 harakat. (Sumber: Kitab Hidayatus Sibyan)","Hukum tajwid untuk lafaz **أَحْقَابًا** pada ayat 23 adalah sebagai berikut:

*   **Hukum:** Mad Arid Lissukun
*   **Kategori:** Mad Far'i
*   **Penjelasan:** Alif mad di akhir ayat diwaqafkan, sehingga dibaca panjang 2, 4, atau 6 harakat.

**Sumber:** Kitab Hidayatus Sibyan",0.8169,True,0.665,0.8249
30,in_domain,gemini,Mengapa lafaz بَارِدًا وَلَا pada ayat 24 dibaca demikian? Jelaskan hukumnya!,"Lafaz بَارِدًا وَلَا (baaridan walaa) pada ayat 24 surah An-Naba' termasuk hukum Idgham Bighunnah, kategori Nun Mati dan Tanwin. Tanwin (nun mati) pada 'baaridan' bertemu huruf wawu, dibaca lebur dengan dengung 2 harakat. (Sumber: Kitab Hidayatus Sibyan)","Lafaz بَارِدًا وَلَا pada ayat 24 dibaca demikian karena memiliki hukum tajwid **Idgham Bighunnah**.

**Penjelasan:**
Hukum ini terjadi karena terdapat **Tanwin** (nun mati) pada lafaz 'baaridan' yang bertemu dengan huruf **wawu**. Cara membacanya adalah dengan meleburkan suara tanwin ke huruf wawu disertai dengan dengung selama 2 harakat.

**Sumber:** Kitab Hidayatus Sibyan",0.5412,True,0.726,0.7816
31,in_domain,gemini,Apa hukum tajwid pada lafaz غَسَّاقًا di ayat 25 surah An-Naba?,"Lafaz غَسَّاقًا (ghassaaqaa) pada ayat 25 surah An-Naba' termasuk hukum Mad Arid Lissukun, kategori Mad Far'i. Alif mad di akhir ayat diwaqafkan, dibaca panjang 2, 4, atau 6 harakat. (Sumber: Kitab Hidayatus Sibyan)","Hukum tajwid pada lafaz **غَسَّاقًا (ghassaaqaa)** di ayat 25 surah An-Naba adalah sebagai berikut:

*   **Hukum:** Mad Arid Lissukun
*   **Kategori:** Mad Far'i
*   **Penjelasan:** Alif mad di akhir ayat diwaqafkan, dibaca panjang 2, 4, atau 6 harakat.

**Sumber:** Kitab Hidayatus Sibyan",0.8649,True,0.644,0.8642
32,in_domain,gemini,Jelaskan hukum bacaan lafaz وِفَاقًا pada ayat 26 An-Naba!,"Lafaz وِفَاقًا (wifaaqaa) pada ayat 26 surah An-Naba' termasuk hukum Mad Arid Lissukun, kategori Mad Far'i. Alif mad di akhir ayat diwaqafkan, dibaca panjang 2, 4, atau 6 harakat. (Sumber: Kitab Hidayatus Sibyan)","Berdasarkan konteks yang tersedia, hukum bacaan untuk lafaz **وِفَاقًا** pada ayat 26 Surah An-Naba adalah sebagai berikut:

*   **Hukum:** Mad Arid Lissukun
*   **Kategori:** Mad Far'i
*   **Penjelasan:** Alif mad di akhir ayat diwaqafkan, dibaca panjang 2, 4, atau 6 harakat.

**Sumber:** Kitab Hidayatus Sibyan",0.8312,True,0.732,0.8278
33,in_domain,gemini,Bagaimana cara membaca lafaz كِذَّابًا pada ayat ke-28?,"Lafaz كِذَّابًا (kidz-dzaabaa) pada ayat 28 surah An-Naba' termasuk hukum Mad Arid Lissukun, kategori Mad Far'i. Alif mad di akhir ayat diwaqafkan, dibaca panjang 2, 4, atau 6 harakat. (Sumber: Kitab Hidayatus Sibyan)","Lafaz كِذَّابًا pada ayat ke-28 memiliki hukum tajwid **Mad Arid Lissukun** (Kategori: Mad Far'i). Cara membacanya adalah alif mad di akhir ayat tersebut diwaqafkan dan dibaca panjang selama 2, 4, atau 6 harakat.

Sumber: Kitab Hidayatus Sibyan",0.7945,True,0.746,0.8675
34,in_domain,gemini,Sebutkan dan jelaskan hukum tajwid dari kata كِتَابًا di ayat 29!,"Lafaz كِتَابًا (kitaabaa) pada ayat 29 surah An-Naba' termasuk hukum Mad Arid Lissukun, kategori Mad Far'i. Alif mad di akhir ayat diwaqafkan, dibaca panjang 2, 4, atau 6 harakat. (Sumber: Kitab Hidayatus Sibyan)","Hukum tajwid untuk kata **كِتَابًا** pada ayat 29 adalah sebagai berikut:

*   **Hukum:** Mad Arid Lissukun
*   **Kategori:** Mad Far'i
*   **Penjelasan:** Alif mad di akhir ayat diwaqafkan, sehingga dibaca panjang 2, 4, atau 6 harakat.

**Sumber:** Kitab Hidayatus Sibyan",0.7887,True,0.647,0.8121
35,in_domain,gemini,Mengapa lafaz عَذَابًا pada ayat 30 dibaca demikian? Jelaskan hukumnya!,"Lafaz عَذَابًا ('adzaabaa) pada ayat 30 surah An-Naba' termasuk hukum Mad Arid Lissukun, kategori Mad Far'i. Alif mad di akhir ayat diwaqafkan, dibaca panjang 2, 4, atau 6 harakat. (Sumber: Kitab Hidayatus Sibyan)","Lafaz عَذَابًا ('adzaabaa) pada ayat 30 dibaca demikian karena memiliki hukum tajwid **Mad Arid Lissukun**.

Berikut adalah penjelasan rincinya:
*   **Kategori:** Mad Far'i.
*   **Penjelasan:** Terdapat alif mad di akhir ayat yang diwaqafkan, sehingga dibaca panjang 2, 4, atau 6 harakat.

Sumber: Kitab Hidayatus Sibyan",0.7792,True,0.653,0.8494
36,in_domain,gemini,Apa hukum tajwid pada lafaz مَفَازًا di ayat 31 surah An-Naba?,"Lafaz مَفَازًا (mafaazaa) pada ayat 31 surah An-Naba' termasuk hukum Mad Arid Lissukun, kategori Mad Far'i. Alif mad di akhir ayat diwaqafkan, dibaca panjang 2, 4, atau 6 harakat. (Sumber: Kitab Hidayatus Sibyan)","Hukum tajwid pada lafaz **مَفَازًا** di ayat 31 surah An-Naba adalah sebagai berikut:

*   **Hukum:** Mad Arid Lissukun
*   **Kategori:** Mad Far'i
*   **Penjelasan:** Alif mad di akhir ayat diwaqafkan, sehingga dibaca panjang 2, 4, atau 6 harakat.

**Sumber:** Kitab Hidayatus Sibyan",0.8378,True,0.67,0.8396
42,in_domain,gemini,Jelaskan hukum bacaan lafaz مَآبًا pada ayat 39 An-Naba!,"Lafaz مَآبًا (ma-aabaa) pada ayat 39 surah An-Naba' termasuk hukum Mad Arid Lissukun, kategori Mad Far'i. Alif mad di akhir ayat diwaqafkan, dibaca panjang 2, 4, atau 6 harakat. (Sumber: Kitab Hidayatus Sibyan)","Hukum bacaan untuk lafaz **مَآبًا** pada ayat 39 Surah An-Naba adalah sebagai berikut:

*   **Hukum:** Mad Arid Lissukun
*   **Kategori:** Mad Far'i
*   **Penjelasan:** Alif mad di akhir ayat diwaqafkan, sehingga dibaca panjang 2, 4, atau 6 harakat.

**Sumber:** Kitab Hidayatus Sibyan",0.8533,True,0.74,0.8273
37,in_domain,gemini,Jelaskan hukum bacaan lafaz وَكَوَاعِبَ أَتْرَابًا pada ayat 33 An-Naba!,"Lafaz وَكَوَاعِبَ أَتْرَابًا (wa kawaa'iba atraabaa) pada ayat 33 surah An-Naba' termasuk hukum Mad Arid Lissukun, kategori Mad Far'i. Alif mad di akhir ayat diwaqafkan, dibaca panjang 2, 4, atau 6 harakat. (Sumber: Kitab Hidayatus Sibyan)","Berdasarkan konteks yang tersedia, berikut adalah penjelasan hukum tajwid untuk lafaz tersebut:

**Lafaz:** وَكَوَاعِبَ أَتْرَابًا (wa kawaa'iba atraabaa)
**Ayat:** 33
**Hukum Tajwid:** Mad Arid Lissukun
**Kategori:** Mad Far'i
**Penjelasan:** Terdapat alif mad di akhir ayat yang diwaqafkan (berhenti), sehingga dibaca panjang 2, 4, atau 6 harakat.

**Sumber:** Kitab Hidayatus Sibyan",0.7356,True,0.611,0.8122
38,in_domain,gemini,Bagaimana cara membaca lafaz لَغْوًا وَلَا pada ayat ke-35?,"Lafaz لَغْوًا وَلَا (laghwan walaa) pada ayat 35 surah An-Naba' termasuk hukum Idgham Bighunnah, kategori Nun Mati dan Tanwin. Tanwin pada 'laghwan' bertemu huruf wawu, dibaca lebur dengan dengung 2 harakat. (Sumber: Kitab Hidayatus Sibyan)","Cara membaca lafaz **لَغْوًا وَلَا** pada ayat ke-35 adalah dengan hukum **Idgham Bighunnah**.

**Penjelasan:**
Tanwin pada kata 'laghwan' bertemu dengan huruf wawu, sehingga cara membacanya adalah dileburkan dengan disertai dengung selama 2 harakat.

**Sumber:** Kitab Hidayatus Sibyan",0.6,True,0.802,0.8129
39,in_domain,gemini,Sebutkan dan jelaskan hukum tajwid dari kata الرَّحْمَٰنِ di ayat 37!,"Lafaz الرَّحْمَٰنِ (ar-rahmaani) pada ayat 37 surah An-Naba' termasuk hukum Idgham Syamsiyyah, kategori Alif Lam. Alif lam bertemu huruf ra (huruf syamsiyyah), lam dilebur ke dalam ra dan dibaca tasydid. (Sumber: Kitab Hidayatus Sibyan)","Berdasarkan konteks yang tersedia, berikut adalah penjelasan hukum tajwid untuk kata tersebut:

**Lafaz:** الرَّحْمَٰنِ (ar-rahmaani)
**Ayat:** 37
**Hukum Tajwid:** Idgham Syamsiyyah
**Kategori:** Alif Lam
**Penjelasan:** Alif lam bertemu dengan huruf ra (huruf syamsiyyah), sehingga bunyi lam dileburkan ke dalam huruf ra dan dibaca dengan tasydid.

**Sumber:** Kitab Hidayatus Sibyan",0.6905,True,0.725,0.791
40,in_domain,gemini,Mengapa lafaz الرُّوحُ pada ayat 38 dibaca demikian? Jelaskan hukumnya!,"Lafaz الرُّوحُ (ar-ruuhu) pada ayat 38 surah An-Naba' termasuk hukum Idgham Syamsiyyah, kategori Alif Lam. Alif lam bertemu huruf ra (huruf syamsiyyah), lam dilebur ke dalam ra dan dibaca tasydid. (Sumber: Kitab Hidayatus Sibyan)","Lafaz الرُّوحُ (ar-ruuhu) pada ayat 38 dibaca demikian karena memiliki hukum tajwid **Idgham Syamsiyyah**.

**Penjelasan:**
Hukum ini terjadi karena Alif lam (ال) bertemu dengan huruf ra (ر) yang merupakan salah satu huruf syamsiyyah. Dalam cara membacanya, bunyi lam dileburkan ke dalam huruf ra sehingga huruf ra dibaca dengan tasydid.

**Sumber:** Kitab Hidayatus Sibyan",0.6047,True,0.745,0.8218
41,in_domain,gemini,Apa hukum tajwid pada lafaz صَوَابًا di ayat 38 surah An-Naba?,"Lafaz صَوَابًا (shawaabaa) pada ayat 38 surah An-Naba' termasuk hukum Mad Arid Lissukun, kategori Mad Far'i. Alif mad di akhir ayat diwaqafkan, dibaca panjang 2, 4, atau 6 harakat. (Sumber: Kitab Hidayatus Sibyan)","Hukum tajwid pada lafaz **صَوَابًا** di ayat 38 surah An-Naba adalah sebagai berikut:

*   **Hukum:** Mad Arid Lissukun
*   **Kategori:** Mad Far'i
*   **Penjelasan:** Alif mad di akhir ayat diwaqafkan, dibaca panjang 2, 4, atau 6 harakat.

**Sumber:** Kitab Hidayatus Sibyan",0.8493,True,0.647,0.8407
43,in_domain,gemini,Bagaimana cara membaca lafaz قَرِيبًا pada ayat ke-40?,"Lafaz قَرِيبًا (qariibaa) pada ayat 40 surah An-Naba' termasuk hukum Mad Arid Lissukun, kategori Mad Far'i. Alif mad di akhir ayat diwaqafkan, dibaca panjang 2, 4, atau 6 harakat. (Sumber: Kitab Hidayatus Sibyan)","Lafaz **قَرِيبًا** pada ayat ke-40 memiliki hukum tajwid **Mad Arid Lissukun** (Kategori: Mad Far'i). Cara membacanya adalah dengan memanjangkan alif mad di akhir ayat yang diwaqafkan tersebut selama 2, 4, atau 6 harakat.

Sumber: Kitab Hidayatus Sibyan",0.75,True,0.747,0.8449
44,in_domain,gemini,Sebutkan dan jelaskan hukum tajwid dari kata تُرَابًا di ayat 40!,"Lafaz تُرَابًا (turaabaa) pada ayat 40 surah An-Naba' termasuk hukum Mad Arid Lissukun, kategori Mad Far'i. Alif mad di akhir ayat diwaqafkan, dibaca panjang 2, 4, atau 6 harakat. (Sumber: Kitab Hidayatus Sibyan)","Berdasarkan konteks yang tersedia, hukum tajwid untuk kata **تُرَابًا** pada ayat 40 adalah sebagai berikut:

*   **Hukum:** Mad Arid Lissukun
*   **Kategori:** Mad Far'i
*   **Penjelasan:** Alif mad di akhir ayat diwaqafkan, dibaca panjang 2, 4, atau 6 harakat.

**Sumber:** Kitab Hidayatus Sibyan",0.7568,True,0.63,0.8057
45,out_of_domain,gemini,Apa hukum tajwid Iqlab dalam surah An-Naba?,Informasi tersebut tidak tersedia dalam database tajwid An-Naba.,Informasi tersebut tidak tersedia dalam database tajwid An-Naba.,1.0,True,1.0,1.0
46,out_of_domain,gemini,Jelaskan hukum bacaan Ikhfa Haqiqi pada surah An-Naba!,Informasi tersebut tidak tersedia dalam database tajwid An-Naba.,"Informasi tersebut tidak tersedia dalam database tajwid An-Naba.

Sumber: Kitab Hidayatus Sibyan",0.8182,True,1.0,0.888
47,out_of_domain,gemini,Sebutkan contoh Qalqalah Kubra dalam surah An-Naba!,Informasi tersebut tidak tersedia dalam database tajwid An-Naba.,"Informasi tersebut tidak tersedia dalam database tajwid An-Naba.

Sumber: Kitab Hidayatus Sibyan",0.8182,True,1.0,0.888
48,out_of_domain,gemini,Apa hukum Mad Wajib Muttasil dalam surah An-Naba?,Informasi tersebut tidak tersedia dalam database tajwid An-Naba.,"Informasi tersebut tidak tersedia dalam database tajwid An-Naba.

Sumber: Kitab Hidayatus Sibyan",0.8182,True,1.0,0.888
49,out_of_domain,gemini,Jelaskan hukum Mad Jaiz Munfasil pada surah An-Naba!,Informasi tersebut tidak tersedia dalam database tajwid An-Naba.,"Informasi tersebut tidak tersedia dalam database tajwid An-Naba.

Sumber: Kitab Hidayatus Sibyan",0.8182,True,1.0,0.888
50,out_of_domain,gemini,Apa hukum tajwid Izhar Halqi dalam surah An-Naba?,Informasi tersebut tidak tersedia dalam database tajwid An-Naba.,Informasi tersebut tidak tersedia dalam database tajwid An-Naba.,1.0,True,1.0,1.0
1,in_domain,groq,Apa hukum tajwid pada lafaz عَمَّ di ayat 1 surah An-Naba?,"Lafaz عَمَّ ('amma) pada ayat 1 surah An-Naba' termasuk hukum Idgham Bighunnah, kategori Nun Mati dan Tanwin. Berasal dari 'an + ma'. Nun mati bertemu huruf mim, dibaca lebur dengan dengung (ghunnah) selama 2 harakat. (Sumber: Kitab Hidayatus Sibyan)","Hukum tajwid pada lafaz عَمَّ di ayat 1 surah An-Naba adalah Idgham Bighunnah. Ini berarti bahwa nun mati bertemu huruf mim, dibaca lebur dengan dengung (ghunnah) selama 2 harakat. 
Sumber: Kitab Hidayatus Sibyan",0.7042,True,0.733,0.8708
